Sucursal,Producto,AÃ±o,Mes,Unidades_vendidas,Ingreso_total,Costo_total
Sucursal Norte,Cabernet Sauvignon,2020,1,5341,17223891.23,13018297.48
Sucursal Norte,Merlot,2020,1,4018,10403914.17,7875332.83
Sucursal Norte,Pinot Noir,2020,1,2825,9462618.81,6169449.0
Sucursal Norte,Chardonnay,2020,1,4706,13825377.19,9662686.46
Sucursal Norte,Sauvignon Blanc,2020,1,3650,9131509.27,6918461.84
Sucursal Centro,Cabernet Sauvignon,2020,1,5321,15086877.5,9382427.22
Sucursal Centro,Merlot,2020,1,3915,9121807.83,6784679.66
Sucursal Centro,Pinot Noir,2020,1,3119,10338528.8,7382190.4
Sucursal Centro,Chardonnay,2020,1,4921,13273680.42,8548144.78
Sucursal Centro,Sauvignon Blanc,2020,1,3696,10160950.49,6506607.76
Sucursal Sur,Cabernet Sauvignon,2020,1,4923,13528525.76,8166502.65
Sucursal Sur,Merlot,2020,1,4229,9971338.13,7278265.46
Sucursal Sur,Pinot Noir,2020,1,3262,11672999.11,9021251.62
Sucursal Sur,Chardonnay,2020,1,4761,13383960.79,10355970.85
Sucursal Sur,Sauvignon Blanc,2020,1,3433,9058012.0,6295794.16
Sucursal Norte,Cabernet Sauvignon,2020,2,5480,16244796.47,11110562.32
Sucursal Norte,Merlot,2020,2,4109,10974774.47,8367114.73
Sucursal Norte,Pinot Noir,2020,2,2880,11005606.62,8336767.39
Sucursal Norte,Chardonnay,2020,2,4573,13807051.05,8614163.35
Sucursal Norte,Sauvignon Blanc,2020,2,3591,9048060.98,6602503.91
Sucursal Centro,Cabernet Sauvignon,2020,2,4881,14890154.25,10738985.49
Sucursal Centro,Merlot,2020,2,3931,10647260.97,7669514.6
Sucursal Centro,Pinot Noir,2020,2,2836,9716495.81,6276671.58
Sucursal Centro,Chardonnay,2020,2,4761,12248980.1,8949686.25
Sucursal Centro,Sauvignon Blanc,2020,2,3624,8668094.21,6778306.83
Sucursal Sur,Cabernet Sauvignon,2020,2,5347,17169860.26,10834304.94
Sucursal Sur,Merlot,2020,2,3926,9292140.97,6507177.79
Sucursal Sur,Pinot Noir,2020,2,2852,9793865.88,5967857.82
Sucursal Sur,Chardonnay,2020,2,4946,12469254.28,7575410.91
Sucursal Sur,Sauvignon Blanc,2020,2,3574,9384697.79,6810365.7
Sucursal Norte,Cabernet Sauvignon,2020,3,4760,14269275.13,9734579.08
Sucursal Norte,Merlot,2020,3,4363,10137394.08,7958149.27
Sucursal Norte,Pinot Noir,2020,3,2997,10574291.38,7944299.89
Sucursal Norte,Chardonnay,2020,3,4433,12830183.2,7783024.69
Sucursal Norte,Sauvignon Blanc,2020,3,3154,8589883.27,6172065.96
Sucursal Centro,Cabernet Sauvignon,2020,3,4808,13953651.01,10017423.93
Sucursal Centro,Merlot,2020,3,3830,9659781.04,7623594.0
Sucursal Centro,Pinot Noir,2020,3,2893,10920728.88,7329790.21
Sucursal Centro,Chardonnay,2020,3,4287,12506022.67,9110666.17
Sucursal Centro,Sauvignon Blanc,2020,3,3694,9350714.9,6322227.82
Sucursal Sur,Cabernet Sauvignon,2020,3,4881,13783619.8,9644568.97
Sucursal Sur,Merlot,2020,3,3876,9447316.92,6990193.26
Sucursal Sur,Pinot Noir,2020,3,3281,12269406.43,9158146.67
Sucursal Sur,Chardonnay,2020,3,4495,12821418.13,8961300.54
Sucursal Sur,Sauvignon Blanc,2020,3,3846,9079959.45,5865201.08
Sucursal Norte,Cabernet Sauvignon,2020,4,4862,13402808.94,10352960.01
Sucursal Norte,Merlot,2020,4,4269,10130548.57,6749229.63
Sucursal Norte,Pinot Noir,2020,4,3062,11541609.0,7672999.24
Sucursal Norte,Chardonnay,2020,4,4233,11455609.83,7558346.43
Sucursal Norte,Sauvignon Blanc,2020,4,3760,9274465.2,7244592.53
Sucursal Centro,Cabernet Sauvignon,2020,4,4986,14433024.3,10607096.89
Sucursal Centro,Merlot,2020,4,4317,11796349.27,8647989.66
Sucursal Centro,Pinot Noir,2020,4,3112,10807346.8,6567895.95
Sucursal Centro,Chardonnay,2020,4,4510,13192105.6,10481638.95
Sucursal Centro,Sauvignon Blanc,2020,4,3487,9888985.88,6119125.93
Sucursal Sur,Cabernet Sauvignon,2020,4,4637,12654199.51,8343773.06
Sucursal Sur,Merlot,2020,4,3955,9633010.23,7615729.27
Sucursal Sur,Pinot Noir,2020,4,2936,9331245.32,7275857.64
Sucursal Sur,Chardonnay,2020,4,4200,12906365.77,10058214.13
Sucursal Sur,Sauvignon Blanc,2020,4,3772,8903792.94,5412520.56
Sucursal Norte,Cabernet Sauvignon,2020,5,4785,14947752.7,11162309.41
Sucursal Norte,Merlot,2020,5,3993,9142628.89,7269696.42
Sucursal Norte,Pinot Noir,2020,5,2755,9541288.22,7211478.74
Sucursal Norte,Chardonnay,2020,5,4831,12997319.24,9368411.45
Sucursal Norte,Sauvignon Blanc,2020,5,3243,7715158.84,4857956.91
Sucursal Centro,Cabernet Sauvignon,2020,5,4938,13541945.37,10587905.06
Sucursal Centro,Merlot,2020,5,4328,10407420.19,7638515.4
Sucursal Centro,Pinot Noir,2020,5,2748,9591684.48,6056197.75
Sucursal Centro,Chardonnay,2020,5,4636,13441256.33,8655036.31
Sucursal Centro,Sauvignon Blanc,2020,5,3747,10521731.71,8381753.51
Sucursal Sur,Cabernet Sauvignon,2020,5,4507,14467745.54,10205677.5
Sucursal Sur,Merlot,2020,5,3624,8155883.16,5737095.28
Sucursal Sur,Pinot Noir,2020,5,2877,10809821.92,8298169.96
Sucursal Sur,Chardonnay,2020,5,4710,13185915.56,10041913.81
Sucursal Sur,Sauvignon Blanc,2020,5,3702,10068731.08,7665266.14
Sucursal Norte,Cabernet Sauvignon,2020,6,4689,15161847.42,11734898.58
Sucursal Norte,Merlot,2020,6,4059,9401903.34,6902125.61
Sucursal Norte,Pinot Noir,2020,6,2844,9858149.77,7665626.9
Sucursal Norte,Chardonnay,2020,6,4546,11844318.55,9072160.33
Sucursal Norte,Sauvignon Blanc,2020,6,3723,9968060.94,7569805.46
Sucursal Centro,Cabernet Sauvignon,2020,6,5364,15377932.36,9766351.24
Sucursal Centro,Merlot,2020,6,3816,8642549.14,6437516.64
Sucursal Centro,Pinot Noir,2020,6,3094,10694159.51,8317585.37
Sucursal Centro,Chardonnay,2020,6,4207,10954553.96,8442218.44
Sucursal Centro,Sauvignon Blanc,2020,6,3692,10196054.61,7991446.26
Sucursal Sur,Cabernet Sauvignon,2020,6,4896,16036274.23,10621959.44
Sucursal Sur,Merlot,2020,6,4007,9037148.05,5854239.05
Sucursal Sur,Pinot Noir,2020,6,2709,8899316.32,6557355.89
Sucursal Sur,Chardonnay,2020,6,4819,14178941.49,11108449.18
Sucursal Sur,Sauvignon Blanc,2020,6,3152,8961453.73,5641493.86
Sucursal Norte,Cabernet Sauvignon,2020,7,4536,12764540.59,9372847.54
Sucursal Norte,Merlot,2020,7,4363,11426210.67,8018550.05
Sucursal Norte,Pinot Noir,2020,7,2739,9539432.75,7127954.21
Sucursal Norte,Chardonnay,2020,7,4484,12382144.24,9119933.54
Sucursal Norte,Sauvignon Blanc,2020,7,3593,10094209.14,6675308.24
Sucursal Centro,Cabernet Sauvignon,2020,7,5138,16162717.28,12039908.89
Sucursal Centro,Merlot,2020,7,3880,10626074.75,8188292.58
Sucursal Centro,Pinot Noir,2020,7,2763,9044472.95,6715687.82
Sucursal Centro,Chardonnay,2020,7,4117,11682480.23,9181234.49
Sucursal Centro,Sauvignon Blanc,2020,7,3476,9446241.78,6898796.99
Sucursal Sur,Cabernet Sauvignon,2020,7,4861,15924841.64,10259358.05
Sucursal Sur,Merlot,2020,7,4126,11005600.81,8419585.4
Sucursal Sur,Pinot Noir,2020,7,3169,10876883.96,8532453.22
Sucursal Sur,Chardonnay,2020,7,4763,12377135.26,8753388.02
Sucursal Sur,Sauvignon Blanc,2020,7,3788,10456834.52,7633259.41
Sucursal Norte,Cabernet Sauvignon,2020,8,4713,14394046.33,9354573.98
Sucursal Norte,Merlot,2020,8,3635,8335834.83,6188280.81
Sucursal Norte,Pinot Noir,2020,8,3293,11481386.44,8159001.73
Sucursal Norte,Chardonnay,2020,8,4671,11822283.59,7851465.98
Sucursal Norte,Sauvignon Blanc,2020,8,3595,9386007.53,5708225.6
Sucursal Centro,Cabernet Sauvignon,2020,8,5305,14586863.72,8888648.35
Sucursal Centro,Merlot,2020,8,4272,10561423.98,7306015.59
Sucursal Centro,Pinot Noir,2020,8,3096,11680037.93,8937442.04
Sucursal Centro,Chardonnay,2020,8,4614,12573341.08,8769032.47
Sucursal Centro,Sauvignon Blanc,2020,8,3185,8187626.53,5787462.86
Sucursal Sur,Cabernet Sauvignon,2020,8,5011,15121075.6,10308401.76
Sucursal Sur,Merlot,2020,8,3854,9589481.69,7046544.58
Sucursal Sur,Pinot Noir,2020,8,3101,10553593.65,6930064.37
Sucursal Sur,Chardonnay,2020,8,4912,13295675.55,10549651.73
Sucursal Sur,Sauvignon Blanc,2020,8,3600,9633433.0,7457593.13
Sucursal Norte,Cabernet Sauvignon,2020,9,5078,13840269.01,10805976.39
Sucursal Norte,Merlot,2020,9,4242,11097722.68,7114949.86
Sucursal Norte,Pinot Noir,2020,9,2850,9107762.71,5483871.88
Sucursal Norte,Chardonnay,2020,9,4637,13104466.78,10272898.06
Sucursal Norte,Sauvignon Blanc,2020,9,3677,8875742.39,5525812.73
Sucursal Centro,Cabernet Sauvignon,2020,9,5255,15339452.65,10894789.27
Sucursal Centro,Merlot,2020,9,4206,11458060.88,6920342.58
Sucursal Centro,Pinot Noir,2020,9,2740,8724875.02,6958101.64
Sucursal Centro,Chardonnay,2020,9,4171,12546742.88,9132911.95
Sucursal Centro,Sauvignon Blanc,2020,9,3827,9040935.06,6257823.35
Sucursal Sur,Cabernet Sauvignon,2020,9,4918,13389788.18,8856367.8
Sucursal Sur,Merlot,2020,9,3620,9795488.57,6514539.17
Sucursal Sur,Pinot Noir,2020,9,3232,12400583.96,8751867.88
Sucursal Sur,Chardonnay,2020,9,4510,12602871.37,9850449.13
Sucursal Sur,Sauvignon Blanc,2020,9,3544,9594400.33,5828826.61
Sucursal Norte,Cabernet Sauvignon,2020,10,4802,13097228.33,8135542.26
Sucursal Norte,Merlot,2020,10,3889,10115844.7,6239010.62
Sucursal Norte,Pinot Noir,2020,10,2747,8813417.45,6356226.43
Sucursal Norte,Chardonnay,2020,10,4799,12581006.69,7862319.34
Sucursal Norte,Sauvignon Blanc,2020,10,3190,9043488.84,6276818.78
Sucursal Centro,Cabernet Sauvignon,2020,10,5313,14982497.84,10273643.39
Sucursal Centro,Merlot,2020,10,4003,10964667.19,8167718.8
Sucursal Centro,Pinot Noir,2020,10,2995,9672398.27,6123495.93
Sucursal Centro,Chardonnay,2020,10,4303,13177693.11,8319174.58
Sucursal Centro,Sauvignon Blanc,2020,10,3527,8507049.97,6299203.53
Sucursal Sur,Cabernet Sauvignon,2020,10,4759,15104066.25,11471409.89
Sucursal Sur,Merlot,2020,10,4114,9637336.94,6501375.97
Sucursal Sur,Pinot Noir,2020,10,3182,12028499.16,8567974.46
Sucursal Sur,Chardonnay,2020,10,4166,12738673.47,8049002.5
Sucursal Sur,Sauvignon Blanc,2020,10,3293,8460417.2,5576688.18
Sucursal Norte,Cabernet Sauvignon,2020,11,4506,12609854.35,9653831.73
Sucursal Norte,Merlot,2020,11,4000,9502087.36,6189903.14
Sucursal Norte,Pinot Noir,2020,11,2849,9475023.97,6743373.65
Sucursal Norte,Chardonnay,2020,11,4625,12063288.95,7477794.74
Sucursal Norte,Sauvignon Blanc,2020,11,3158,7858541.02,6008175.78
Sucursal Centro,Cabernet Sauvignon,2020,11,5211,15403005.07,11761272.84
Sucursal Centro,Merlot,2020,11,4284,11286134.41,7732840.68
Sucursal Centro,Pinot Noir,2020,11,3257,12513398.49,8920160.8
Sucursal Centro,Chardonnay,2020,11,4628,12746202.84,9060350.16
Sucursal Centro,Sauvignon Blanc,2020,11,3559,8551819.71,6137910.79
Sucursal Sur,Cabernet Sauvignon,2020,11,4937,14700178.93,10682942.02
Sucursal Sur,Merlot,2020,11,3685,8623642.72,5260955.85
Sucursal Sur,Pinot Noir,2020,11,3094,10960922.7,7420962.52
Sucursal Sur,Chardonnay,2020,11,4220,12105730.45,8612888.76
Sucursal Sur,Sauvignon Blanc,2020,11,3408,8168588.44,5315583.11
Sucursal Norte,Cabernet Sauvignon,2020,12,5126,14485945.46,11551872.18
Sucursal Norte,Merlot,2020,12,3749,9726674.15,6101093.58
Sucursal Norte,Pinot Noir,2020,12,2703,9799319.03,7299799.68
Sucursal Norte,Chardonnay,2020,12,4222,12955780.78,7788208.61
Sucursal Norte,Sauvignon Blanc,2020,12,3774,9904981.83,7280355.14
Sucursal Centro,Cabernet Sauvignon,2020,12,4838,13820252.85,10475353.93
Sucursal Centro,Merlot,2020,12,3652,8543159.03,6629915.49
Sucursal Centro,Pinot Noir,2020,12,2915,10181953.17,7162236.65
Sucursal Centro,Chardonnay,2020,12,4485,11633692.52,8946350.86
Sucursal Centro,Sauvignon Blanc,2020,12,3770,9219237.01,6587148.14
Sucursal Sur,Cabernet Sauvignon,2020,12,4692,13746462.93,9570846.69
Sucursal Sur,Merlot,2020,12,4010,9878921.8,6883415.26
Sucursal Sur,Pinot Noir,2020,12,2728,9672936.23,6686358.34
Sucursal Sur,Chardonnay,2020,12,4642,14264996.66,10588121.76
Sucursal Sur,Sauvignon Blanc,2020,12,3798,9236000.41,6631863.22
Sucursal Norte,Cabernet Sauvignon,2021,1,5647,19099902.98,12685815.72
Sucursal Norte,Merlot,2021,1,3789,11016019.48,8731929.84
Sucursal Norte,Pinot Noir,2021,1,3483,14269626.51,10189184.32
Sucursal Norte,Chardonnay,2021,1,5092,18150146.94,13149839.82
Sucursal Norte,Sauvignon Blanc,2021,1,3542,9658473.76,5996261.27
Sucursal Centro,Cabernet Sauvignon,2021,1,5039,17517175.17,11245872.5
Sucursal Centro,Merlot,2021,1,4091,10563203.21,7035240.48
Sucursal Centro,Pinot Noir,2021,1,3278,15559281.5,9686542.01
Sucursal Centro,Chardonnay,2021,1,5379,19863052.4,13697677.98
Sucursal Centro,Sauvignon Blanc,2021,1,3272,8777019.12,6504697.99
Sucursal Sur,Cabernet Sauvignon,2021,1,5371,20903951.16,14554951.47
Sucursal Sur,Merlot,2021,1,3931,10537009.22,7472207.78
Sucursal Sur,Pinot Noir,2021,1,3241,14784252.64,10274352.49
Sucursal Sur,Chardonnay,2021,1,4664,14577226.5,10849337.12
Sucursal Sur,Sauvignon Blanc,2021,1,3509,9878593.64,6284271.61
Sucursal Norte,Cabernet Sauvignon,2021,2,5364,19288809.65,13446197.09
Sucursal Norte,Merlot,2021,2,4045,12222553.55,8157028.05
Sucursal Norte,Pinot Noir,2021,2,3630,17882358.98,13035688.31
Sucursal Norte,Chardonnay,2021,2,5417,19035081.88,11562990.65
Sucursal Norte,Sauvignon Blanc,2021,2,3718,10856967.97,8310138.06
Sucursal Centro,Cabernet Sauvignon,2021,2,5013,17713829.73,13715729.16
Sucursal Centro,Merlot,2021,2,3611,10396041.49,6370236.21
Sucursal Centro,Pinot Noir,2021,2,3435,15678512.93,12339888.33
Sucursal Centro,Chardonnay,2021,2,4773,15165023.75,10748179.89
Sucursal Centro,Sauvignon Blanc,2021,2,3436,9868927.96,6981652.5
Sucursal Sur,Cabernet Sauvignon,2021,2,5172,20011325.92,15033344.64
Sucursal Sur,Merlot,2021,2,3946,9965048.16,7004909.64
Sucursal Sur,Pinot Noir,2021,2,3288,13869940.51,10509784.6
Sucursal Sur,Chardonnay,2021,2,4658,16026243.1,11900173.03
Sucursal Sur,Sauvignon Blanc,2021,2,3818,10095841.84,7112031.2
Sucursal Norte,Cabernet Sauvignon,2021,3,5872,22712774.18,14884894.43
Sucursal Norte,Merlot,2021,3,4098,10691152.55,6817189.35
Sucursal Norte,Pinot Noir,2021,3,3321,14867361.73,10016783.82
Sucursal Norte,Chardonnay,2021,3,4542,14678626.15,9836470.51
Sucursal Norte,Sauvignon Blanc,2021,3,3417,9632254.61,7608391.0
Sucursal Centro,Cabernet Sauvignon,2021,3,5398,19461033.81,14965627.94
Sucursal Centro,Merlot,2021,3,4179,11210539.56,7916826.91
Sucursal Centro,Pinot Noir,2021,3,3502,14643213.83,9627454.83
Sucursal Centro,Chardonnay,2021,3,5180,18057515.1,11824581.5
Sucursal Centro,Sauvignon Blanc,2021,3,3637,9426836.51,6780452.69
Sucursal Sur,Cabernet Sauvignon,2021,3,5193,20168844.89,14231858.7
Sucursal Sur,Merlot,2021,3,4130,11151734.57,6907234.99
Sucursal Sur,Pinot Noir,2021,3,3772,18023488.49,11011485.23
Sucursal Sur,Chardonnay,2021,3,5169,18933836.54,11770581.35
Sucursal Sur,Sauvignon Blanc,2021,3,3788,10979197.27,8239889.74
Sucursal Norte,Cabernet Sauvignon,2021,4,5362,19753177.56,14843515.05
Sucursal Norte,Merlot,2021,4,3718,10266948.96,6814164.02
Sucursal Norte,Pinot Noir,2021,4,3428,15015548.3,10169349.19
Sucursal Norte,Chardonnay,2021,4,4563,13917938.23,8420473.85
Sucursal Norte,Sauvignon Blanc,2021,4,3413,9045591.11,6091830.27
Sucursal Centro,Cabernet Sauvignon,2021,4,5798,21838383.18,13378255.52
Sucursal Centro,Merlot,2021,4,4131,10370815.52,8092033.57
Sucursal Centro,Pinot Noir,2021,4,3277,13573043.15,9994912.33
Sucursal Centro,Chardonnay,2021,4,4899,15863294.0,12065438.82
Sucursal Centro,Sauvignon Blanc,2021,4,3658,10976791.07,8052977.08
Sucursal Sur,Cabernet Sauvignon,2021,4,5546,19037075.13,12090178.99
Sucursal Sur,Merlot,2021,4,4074,10671436.56,7875643.12
Sucursal Sur,Pinot Noir,2021,4,3349,16196997.03,10974023.33
Sucursal Sur,Chardonnay,2021,4,4920,17672178.58,11585477.41
Sucursal Sur,Sauvignon Blanc,2021,4,3543,9708363.19,6871111.02
Sucursal Norte,Cabernet Sauvignon,2021,5,5622,20331980.78,14863273.88
Sucursal Norte,Merlot,2021,5,3922,10467221.93,7914192.09
Sucursal Norte,Pinot Noir,2021,5,3348,15108522.52,10529602.01
Sucursal Norte,Chardonnay,2021,5,4966,16318592.63,12215052.3
Sucursal Norte,Sauvignon Blanc,2021,5,3241,9397830.55,6900444.33
Sucursal Centro,Cabernet Sauvignon,2021,5,5444,20360659.4,16005678.03
Sucursal Centro,Merlot,2021,5,4147,10394497.23,7168947.87
Sucursal Centro,Pinot Noir,2021,5,3873,17593834.27,14045013.8
Sucursal Centro,Chardonnay,2021,5,4632,15969196.67,10673214.96
Sucursal Centro,Sauvignon Blanc,2021,5,3684,10998250.44,7466622.12
Sucursal Sur,Cabernet Sauvignon,2021,5,5083,19953398.29,15541532.77
Sucursal Sur,Merlot,2021,5,3746,9334451.27,6773784.16
Sucursal Sur,Pinot Noir,2021,5,3866,18818417.59,13917037.52
Sucursal Sur,Chardonnay,2021,5,5038,18570811.58,11825078.39
Sucursal Sur,Sauvignon Blanc,2021,5,3192,8664083.84,6452232.71
Sucursal Norte,Cabernet Sauvignon,2021,6,5150,19979089.26,15241854.15
Sucursal Norte,Merlot,2021,6,3634,9240037.28,7076274.22
Sucursal Norte,Pinot Noir,2021,6,3312,14496729.06,9919314.29
Sucursal Norte,Chardonnay,2021,6,5410,17712154.58,12454191.02
Sucursal Norte,Sauvignon Blanc,2021,6,3654,10601444.61,8347741.89
Sucursal Centro,Cabernet Sauvignon,2021,6,5860,20425648.12,13626925.39
Sucursal Centro,Merlot,2021,6,4051,10679831.9,6665110.68
Sucursal Centro,Pinot Noir,2021,6,3782,17064626.59,11359797.94
Sucursal Centro,Chardonnay,2021,6,4850,16382272.13,10406383.12
Sucursal Centro,Sauvignon Blanc,2021,6,3293,8552311.68,6681369.0
Sucursal Sur,Cabernet Sauvignon,2021,6,5313,19008269.35,13148670.43
Sucursal Sur,Merlot,2021,6,3658,9481594.32,7448516.59
Sucursal Sur,Pinot Noir,2021,6,3377,14701669.66,9048604.46
Sucursal Sur,Chardonnay,2021,6,5178,16206219.99,11745479.36
Sucursal Sur,Sauvignon Blanc,2021,6,3764,11410230.71,8558020.74
Sucursal Norte,Cabernet Sauvignon,2021,7,5611,22109317.32,13754616.56
Sucursal Norte,Merlot,2021,7,3859,10516684.08,7056167.25
Sucursal Norte,Pinot Noir,2021,7,3408,15117036.37,11492911.46
Sucursal Norte,Chardonnay,2021,7,4535,14213336.37,9603396.18
Sucursal Norte,Sauvignon Blanc,2021,7,3577,9286817.09,6141055.81
Sucursal Centro,Cabernet Sauvignon,2021,7,5104,18897448.8,14364215.88
Sucursal Centro,Merlot,2021,7,3663,9228915.88,7018253.53
Sucursal Centro,Pinot Noir,2021,7,3723,15441884.35,11853710.09
Sucursal Centro,Chardonnay,2021,7,4650,15608779.34,11014277.33
Sucursal Centro,Sauvignon Blanc,2021,7,3639,10064136.22,7202309.2
Sucursal Sur,Cabernet Sauvignon,2021,7,5478,18362752.58,11839379.01
Sucursal Sur,Merlot,2021,7,3748,10721324.54,7475101.82
Sucursal Sur,Pinot Noir,2021,7,3295,15361007.08,9975063.48
Sucursal Sur,Chardonnay,2021,7,5369,17707470.57,12439926.41
Sucursal Sur,Sauvignon Blanc,2021,7,3332,9007177.85,6767208.22
Sucursal Norte,Cabernet Sauvignon,2021,8,5981,23222733.19,16319940.2
Sucursal Norte,Merlot,2021,8,4229,10954967.0,6799016.5
Sucursal Norte,Pinot Noir,2021,8,3399,14551301.34,10653347.89
Sucursal Norte,Chardonnay,2021,8,5335,17611462.77,12264112.15
Sucursal Norte,Sauvignon Blanc,2021,8,3682,10917792.46,8108792.14
Sucursal Centro,Cabernet Sauvignon,2021,8,5335,20966620.93,14517819.81
Sucursal Centro,Merlot,2021,8,4027,11810823.39,8983519.36
Sucursal Centro,Pinot Noir,2021,8,3867,16964187.88,11871051.99
Sucursal Centro,Chardonnay,2021,8,4635,15681879.53,9992378.38
Sucursal Centro,Sauvignon Blanc,2021,8,3252,8862543.05,7037148.17
Sucursal Sur,Cabernet Sauvignon,2021,8,5970,19373068.58,14192904.19
Sucursal Sur,Merlot,2021,8,4220,11594655.19,8595128.28
Sucursal Sur,Pinot Noir,2021,8,3798,16586185.63,11044266.78
Sucursal Sur,Chardonnay,2021,8,4483,16014768.28,10767800.82
Sucursal Sur,Sauvignon Blanc,2021,8,3450,9854324.41,6803276.13
Sucursal Norte,Cabernet Sauvignon,2021,9,5848,19243039.32,13082581.61
Sucursal Norte,Merlot,2021,9,4264,10909658.63,7335413.92
Sucursal Norte,Pinot Noir,2021,9,3507,16008789.02,11407094.03
Sucursal Norte,Chardonnay,2021,9,4889,17773646.17,13069632.67
Sucursal Norte,Sauvignon Blanc,2021,9,3303,9940225.76,6132983.97
Sucursal Centro,Cabernet Sauvignon,2021,9,5632,20818543.84,15039109.1
Sucursal Centro,Merlot,2021,9,3633,10653891.9,6638546.83
Sucursal Centro,Pinot Noir,2021,9,3473,14819414.25,9895721.71
Sucursal Centro,Chardonnay,2021,9,4939,17993694.94,12092133.56
Sucursal Centro,Sauvignon Blanc,2021,9,3609,11232869.25,7513629.17
Sucursal Sur,Cabernet Sauvignon,2021,9,5675,20191503.89,15420722.48
Sucursal Sur,Merlot,2021,9,3645,10788246.08,8106891.19
Sucursal Sur,Pinot Noir,2021,9,3415,17022323.78,12480421.68
Sucursal Sur,Chardonnay,2021,9,5229,18291891.93,12944545.34
Sucursal Sur,Sauvignon Blanc,2021,9,3296,8537771.35,6154979.24
Sucursal Norte,Cabernet Sauvignon,2021,10,5453,18484152.56,13397114.72
Sucursal Norte,Merlot,2021,10,4140,10744170.7,7066928.97
Sucursal Norte,Pinot Noir,2021,10,3453,16629513.79,10195405.07
Sucursal Norte,Chardonnay,2021,10,5374,18982534.21,14679595.15
Sucursal Norte,Sauvignon Blanc,2021,10,3360,9401299.64,7202639.23
Sucursal Centro,Cabernet Sauvignon,2021,10,5352,19555654.64,12869272.58
Sucursal Centro,Merlot,2021,10,3746,9516988.82,7521835.68
Sucursal Centro,Pinot Noir,2021,10,3953,17329885.25,13002921.44
Sucursal Centro,Chardonnay,2021,10,4887,17564438.85,13307091.65
Sucursal Centro,Sauvignon Blanc,2021,10,3213,9785610.05,6469729.32
Sucursal Sur,Cabernet Sauvignon,2021,10,5251,20330432.5,15903645.42
Sucursal Sur,Merlot,2021,10,4302,11938723.52,7890125.22
Sucursal Sur,Pinot Noir,2021,10,3464,14621537.89,11629848.37
Sucursal Sur,Chardonnay,2021,10,4942,17471847.04,11818866.84
Sucursal Sur,Sauvignon Blanc,2021,10,3660,11210487.81,7339193.21
Sucursal Norte,Cabernet Sauvignon,2021,11,5483,18100542.35,12246589.6
Sucursal Norte,Merlot,2021,11,4218,11157387.63,7151518.43
Sucursal Norte,Pinot Noir,2021,11,3459,14462269.72,9288254.55
Sucursal Norte,Chardonnay,2021,11,4806,15826473.35,12585213.62
Sucursal Norte,Sauvignon Blanc,2021,11,3796,11556520.02,8013377.46
Sucursal Centro,Cabernet Sauvignon,2021,11,5667,19449203.66,14611798.33
Sucursal Centro,Merlot,2021,11,3975,11539865.8,7365843.35
Sucursal Centro,Pinot Noir,2021,11,3499,14864992.38,11765555.86
Sucursal Centro,Chardonnay,2021,11,5232,18867798.63,14958431.03
Sucursal Centro,Sauvignon Blanc,2021,11,3791,11456263.42,8168122.55
Sucursal Sur,Cabernet Sauvignon,2021,11,5078,17839823.74,11497488.84
Sucursal Sur,Merlot,2021,11,3865,10422747.81,7851846.0
Sucursal Sur,Pinot Noir,2021,11,3922,18874111.52,13330007.44
Sucursal Sur,Chardonnay,2021,11,4485,16184257.24,9854498.68
Sucursal Sur,Sauvignon Blanc,2021,11,3284,9068072.55,5472052.95
Sucursal Norte,Cabernet Sauvignon,2021,12,5151,16754931.62,11863434.37
Sucursal Norte,Merlot,2021,12,3626,10338782.31,6383286.49
Sucursal Norte,Pinot Noir,2021,12,3836,17360067.93,10877543.37
Sucursal Norte,Chardonnay,2021,12,4527,14372317.9,9862223.01
Sucursal Norte,Sauvignon Blanc,2021,12,3181,9633158.05,7382018.03
Sucursal Centro,Cabernet Sauvignon,2021,12,5986,19982220.93,13907035.3
Sucursal Centro,Merlot,2021,12,4315,11581106.07,8929795.98
Sucursal Centro,Pinot Noir,2021,12,3280,14093026.32,10529568.06
Sucursal Centro,Chardonnay,2021,12,4851,16894787.67,11423091.02
Sucursal Centro,Sauvignon Blanc,2021,12,3598,10740669.58,7622602.09
Sucursal Sur,Cabernet Sauvignon,2021,12,5550,19326723.02,15436165.78
Sucursal Sur,Merlot,2021,12,3925,10718025.04,7149308.78
Sucursal Sur,Pinot Noir,2021,12,3434,17185471.23,11855443.49
Sucursal Sur,Chardonnay,2021,12,4779,16305531.19,10289753.65
Sucursal Sur,Sauvignon Blanc,2021,12,3278,9525154.8,6508327.82
Sucursal Norte,Cabernet Sauvignon,2022,1,5838,27724383.53,21833558.07
Sucursal Norte,Merlot,2022,1,3832,12748529.29,8172091.48
Sucursal Norte,Pinot Noir,2022,1,4646,27874404.76,19916739.44
Sucursal Norte,Chardonnay,2022,1,5978,22331145.4,14097546.52
Sucursal Norte,Sauvignon Blanc,2022,1,3742,11149661.64,8536516.05
Sucursal Centro,Cabernet Sauvignon,2022,1,5989,23484669.09,17487023.73
Sucursal Centro,Merlot,2022,1,3606,10443451.81,6448667.85
Sucursal Centro,Pinot Noir,2022,1,4673,26265256.31,19096641.61
Sucursal Centro,Chardonnay,2022,1,5803,23901075.02,15119097.31
Sucursal Centro,Sauvignon Blanc,2022,1,3815,12801586.48,8949921.64
Sucursal Sur,Cabernet Sauvignon,2022,1,6363,28494860.93,19927720.52
Sucursal Sur,Merlot,2022,1,4197,11591783.91,8761917.23
Sucursal Sur,Pinot Noir,2022,1,4378,28259718.19,17955882.55
Sucursal Sur,Chardonnay,2022,1,5977,23169567.47,17684257.77
Sucursal Sur,Sauvignon Blanc,2022,1,3407,11771231.3,7802559.16
Sucursal Norte,Cabernet Sauvignon,2022,2,5511,24260467.39,19013136.21
Sucursal Norte,Merlot,2022,2,4349,12407947.63,9088765.95
Sucursal Norte,Pinot Noir,2022,2,4500,27191265.71,19855155.53
Sucursal Norte,Chardonnay,2022,2,5123,20456039.13,15087704.9
Sucursal Norte,Sauvignon Blanc,2022,2,3601,12312735.38,9426623.69
Sucursal Centro,Cabernet Sauvignon,2022,2,5480,25426957.38,18588549.44
Sucursal Centro,Merlot,2022,2,3692,10710709.36,8013621.01
Sucursal Centro,Pinot Noir,2022,2,4208,24375770.37,19081605.91
Sucursal Centro,Chardonnay,2022,2,4988,18456395.45,13432974.02
Sucursal Centro,Sauvignon Blanc,2022,2,3690,12070597.8,7974080.1
Sucursal Sur,Cabernet Sauvignon,2022,2,5578,22611961.02,14205781.07
Sucursal Sur,Merlot,2022,2,4396,12883601.59,9087103.47
Sucursal Sur,Pinot Noir,2022,2,4445,24634773.89,16912138.88
Sucursal Sur,Chardonnay,2022,2,5577,23343761.41,16967105.91
Sucursal Sur,Sauvignon Blanc,2022,2,3471,10847598.43,6716122.06
Sucursal Norte,Cabernet Sauvignon,2022,3,6504,28303473.95,19232339.5
Sucursal Norte,Merlot,2022,3,4299,13034028.63,10006903.38
Sucursal Norte,Pinot Noir,2022,3,4437,28200419.59,18999310.08
Sucursal Norte,Chardonnay,2022,3,5168,21590510.19,14773573.36
Sucursal Norte,Sauvignon Blanc,2022,3,3758,12213901.12,9749541.69
Sucursal Centro,Cabernet Sauvignon,2022,3,6635,27275761.69,16411862.77
Sucursal Centro,Merlot,2022,3,3605,11749105.89,8487689.05
Sucursal Centro,Pinot Noir,2022,3,4143,24347233.79,17200897.52
Sucursal Centro,Chardonnay,2022,3,4903,19647408.07,14662808.07
Sucursal Centro,Sauvignon Blanc,2022,3,3212,9394739.77,6384865.68
Sucursal Sur,Cabernet Sauvignon,2022,3,6466,28519500.96,17743483.86
Sucursal Sur,Merlot,2022,3,3810,11537824.16,7330935.32
Sucursal Sur,Pinot Noir,2022,3,4185,22943838.52,14911406.11
Sucursal Sur,Chardonnay,2022,3,5171,22141221.96,16993165.7
Sucursal Sur,Sauvignon Blanc,2022,3,3409,10278708.58,7720733.02
Sucursal Norte,Cabernet Sauvignon,2022,4,6311,25027273.27,17087795.73
Sucursal Norte,Merlot,2022,4,4289,13326465.66,8316132.6
Sucursal Norte,Pinot Noir,2022,4,4671,26375946.8,16164430.2
Sucursal Norte,Chardonnay,2022,4,5631,20466542.49,12875796.18
Sucursal Norte,Sauvignon Blanc,2022,4,3649,11509081.02,7522011.9
Sucursal Centro,Cabernet Sauvignon,2022,4,6568,25685892.78,18064535.99
Sucursal Centro,Merlot,2022,4,3687,10423391.48,7987667.05
Sucursal Centro,Pinot Noir,2022,4,4336,25788720.38,20614520.33
Sucursal Centro,Chardonnay,2022,4,4960,19876220.4,12169862.75
Sucursal Centro,Sauvignon Blanc,2022,4,3614,10303104.19,7584619.89
Sucursal Sur,Cabernet Sauvignon,2022,4,6373,27846659.25,21280295.02
Sucursal Sur,Merlot,2022,4,3854,12023058.8,8063730.33
Sucursal Sur,Pinot Noir,2022,4,4139,23726440.17,15515389.8
Sucursal Sur,Chardonnay,2022,4,4918,19401041.27,14179612.85
Sucursal Sur,Sauvignon Blanc,2022,4,3219,9583684.42,7058946.5
Sucursal Norte,Cabernet Sauvignon,2022,5,5926,26983222.77,17487833.06
Sucursal Norte,Merlot,2022,5,3647,10697374.53,8203644.58
Sucursal Norte,Pinot Noir,2022,5,4185,23283583.75,16943541.09
Sucursal Norte,Chardonnay,2022,5,5175,21311524.59,15790183.56
Sucursal Norte,Sauvignon Blanc,2022,5,3505,11323963.73,6867607.95
Sucursal Centro,Cabernet Sauvignon,2022,5,6339,29179665.63,21279219.67
Sucursal Centro,Merlot,2022,5,3843,12054974.54,9456259.61
Sucursal Centro,Pinot Noir,2022,5,4635,26031341.0,17884435.56
Sucursal Centro,Chardonnay,2022,5,5583,22125837.33,13978343.68
Sucursal Centro,Sauvignon Blanc,2022,5,3827,12434021.61,9557156.31
Sucursal Sur,Cabernet Sauvignon,2022,5,5641,22110931.55,14769637.39
Sucursal Sur,Merlot,2022,5,3882,12339570.0,9758141.66
Sucursal Sur,Pinot Noir,2022,5,4682,28517494.17,20446638.86
Sucursal Sur,Chardonnay,2022,5,5256,20189001.33,14080753.37
Sucursal Sur,Sauvignon Blanc,2022,5,3422,10591026.47,8132308.5
Sucursal Norte,Cabernet Sauvignon,2022,6,6556,29995886.85,18036498.49
Sucursal Norte,Merlot,2022,6,4338,12897741.61,7873335.21
Sucursal Norte,Pinot Noir,2022,6,4531,26565968.88,16659858.07
Sucursal Norte,Chardonnay,2022,6,5685,23779400.19,15245234.03
Sucursal Norte,Sauvignon Blanc,2022,6,3558,11649782.65,7409452.06
Sucursal Centro,Cabernet Sauvignon,2022,6,6371,24936036.19,16535933.49
Sucursal Centro,Merlot,2022,6,4380,12494132.1,8191652.37
Sucursal Centro,Pinot Noir,2022,6,4099,24349539.25,18345866.89
Sucursal Centro,Chardonnay,2022,6,5720,21876616.52,17381325.48
Sucursal Centro,Sauvignon Blanc,2022,6,3795,11237970.68,6960100.99
Sucursal Sur,Cabernet Sauvignon,2022,6,6272,25318462.24,17211812.34
Sucursal Sur,Merlot,2022,6,3985,11707775.33,9264899.66
Sucursal Sur,Pinot Noir,2022,6,4304,26209241.98,16480620.08
Sucursal Sur,Chardonnay,2022,6,5478,20721992.86,15748915.24
Sucursal Sur,Sauvignon Blanc,2022,6,3461,11728873.29,8687009.2
Sucursal Norte,Cabernet Sauvignon,2022,7,6537,28911997.49,21974927.53
Sucursal Norte,Merlot,2022,7,4002,12368470.92,8830100.43
Sucursal Norte,Pinot Noir,2022,7,4192,26746815.32,17333362.1
Sucursal Norte,Chardonnay,2022,7,5206,21282721.74,15724891.07
Sucursal Norte,Sauvignon Blanc,2022,7,3545,10323022.14,6535571.96
Sucursal Centro,Cabernet Sauvignon,2022,7,6190,28503634.87,22331788.12
Sucursal Centro,Merlot,2022,7,4087,13408135.09,8787100.93
Sucursal Centro,Pinot Noir,2022,7,4123,23453035.69,17058676.6
Sucursal Centro,Chardonnay,2022,7,5805,24167839.41,19091687.07
Sucursal Centro,Sauvignon Blanc,2022,7,3796,12884590.63,9458199.51
Sucursal Sur,Cabernet Sauvignon,2022,7,5984,25198013.96,18837615.73
Sucursal Sur,Merlot,2022,7,4284,11679009.67,8155212.01
Sucursal Sur,Pinot Noir,2022,7,4612,26638463.87,19999010.35
Sucursal Sur,Chardonnay,2022,7,5954,25063254.88,19399254.21
Sucursal Sur,Sauvignon Blanc,2022,7,3493,10714986.58,7181285.34
Sucursal Norte,Cabernet Sauvignon,2022,8,6608,28947235.16,18589706.34
Sucursal Norte,Merlot,2022,8,4148,12314683.77,8793896.9
Sucursal Norte,Pinot Noir,2022,8,3919,21275145.72,13268201.01
Sucursal Norte,Chardonnay,2022,8,5148,20578686.85,13684243.24
Sucursal Norte,Sauvignon Blanc,2022,8,3266,10569060.46,6813604.99
Sucursal Centro,Cabernet Sauvignon,2022,8,6530,30181661.66,22228946.94
Sucursal Centro,Merlot,2022,8,3982,11089567.9,8093100.64
Sucursal Centro,Pinot Noir,2022,8,4615,27673665.97,17800002.22
Sucursal Centro,Chardonnay,2022,8,5270,22098160.17,16380665.71
Sucursal Centro,Sauvignon Blanc,2022,8,3233,11038099.0,8359145.62
Sucursal Sur,Cabernet Sauvignon,2022,8,6383,24994736.73,17186511.75
Sucursal Sur,Merlot,2022,8,4196,11550015.08,8655779.74
Sucursal Sur,Pinot Noir,2022,8,4297,27051996.16,21363929.59
Sucursal Sur,Chardonnay,2022,8,4976,19462018.53,13567362.28
Sucursal Sur,Sauvignon Blanc,2022,8,3431,10464900.67,6493483.46
Sucursal Norte,Cabernet Sauvignon,2022,9,6109,25356048.95,18484537.85
Sucursal Norte,Merlot,2022,9,3806,10460915.56,6773533.92
Sucursal Norte,Pinot Noir,2022,9,4683,27163299.93,18306182.54
Sucursal Norte,Chardonnay,2022,9,5129,19296887.18,11843424.2
Sucursal Norte,Sauvignon Blanc,2022,9,3430,9902811.16,7091865.98
Sucursal Centro,Cabernet Sauvignon,2022,9,6352,30161907.1,22421071.56
Sucursal Centro,Merlot,2022,9,4108,13382613.21,8573466.96
Sucursal Centro,Pinot Noir,2022,9,4409,23627406.18,18867594.92
Sucursal Centro,Chardonnay,2022,9,5484,20730087.5,12772156.46
Sucursal Centro,Sauvignon Blanc,2022,9,3595,10662323.08,7658873.68
Sucursal Sur,Cabernet Sauvignon,2022,9,5700,23710886.9,16487949.66
Sucursal Sur,Merlot,2022,9,3896,11852166.3,8893316.23
Sucursal Sur,Pinot Noir,2022,9,4006,23035056.72,14800410.72
Sucursal Sur,Chardonnay,2022,9,5115,21827460.69,15826333.56
Sucursal Sur,Sauvignon Blanc,2022,9,3624,11124217.96,7958058.17
Sucursal Norte,Cabernet Sauvignon,2022,10,6614,30633505.44,19303923.33
Sucursal Norte,Merlot,2022,10,3721,11718622.7,9158309.39
Sucursal Norte,Pinot Noir,2022,10,4464,26101351.91,20251787.79
Sucursal Norte,Chardonnay,2022,10,5492,23335496.96,18223002.49
Sucursal Norte,Sauvignon Blanc,2022,10,3684,12304017.48,7657714.43
Sucursal Centro,Cabernet Sauvignon,2022,10,6127,26406105.93,19613095.09
Sucursal Centro,Merlot,2022,10,4244,11899275.59,9401372.91
Sucursal Centro,Pinot Noir,2022,10,4084,23660649.24,15057978.28
Sucursal Centro,Chardonnay,2022,10,4934,18740172.13,13019937.72
Sucursal Centro,Sauvignon Blanc,2022,10,3300,10527081.28,7152230.61
Sucursal Sur,Cabernet Sauvignon,2022,10,5856,23150925.97,17042158.05
Sucursal Sur,Merlot,2022,10,4124,11326111.11,7557988.87
Sucursal Sur,Pinot Noir,2022,10,3963,22742889.66,17012109.75
Sucursal Sur,Chardonnay,2022,10,5081,22331515.46,16684698.22
Sucursal Sur,Sauvignon Blanc,2022,10,3231,10857932.08,6537243.19
Sucursal Norte,Cabernet Sauvignon,2022,11,5976,26381937.37,17539932.43
Sucursal Norte,Merlot,2022,11,4056,13206008.67,9401921.61
Sucursal Norte,Pinot Noir,2022,11,3921,20883368.1,14812326.57
Sucursal Norte,Chardonnay,2022,11,5506,21399862.27,16136589.67
Sucursal Norte,Sauvignon Blanc,2022,11,3160,9556969.83,6599496.51
Sucursal Centro,Cabernet Sauvignon,2022,11,6502,26933800.48,19002268.26
Sucursal Centro,Merlot,2022,11,4118,13202236.24,8270129.14
Sucursal Centro,Pinot Noir,2022,11,4251,24759148.41,18884521.15
Sucursal Centro,Chardonnay,2022,11,5160,21083927.33,15353886.07
Sucursal Centro,Sauvignon Blanc,2022,11,3557,10440151.29,7672873.37
Sucursal Sur,Cabernet Sauvignon,2022,11,5603,25722779.09,19365210.91
Sucursal Sur,Merlot,2022,11,3668,12182356.56,7520502.53
Sucursal Sur,Pinot Noir,2022,11,4696,29242282.76,17889447.71
Sucursal Sur,Chardonnay,2022,11,5671,23292828.35,14728143.54
Sucursal Sur,Sauvignon Blanc,2022,11,3244,10227548.08,7479536.35
Sucursal Norte,Cabernet Sauvignon,2022,12,6073,28216104.55,21176578.32
Sucursal Norte,Merlot,2022,12,4091,12451125.69,9518916.86
Sucursal Norte,Pinot Noir,2022,12,4525,27056408.11,17313460.45
Sucursal Norte,Chardonnay,2022,12,5329,21095085.09,16112376.81
Sucursal Norte,Sauvignon Blanc,2022,12,3813,10866659.63,8684812.73
Sucursal Centro,Cabernet Sauvignon,2022,12,6470,28093869.69,17139231.87
Sucursal Centro,Merlot,2022,12,4222,13058185.95,9847285.76
Sucursal Centro,Pinot Noir,2022,12,4608,24835458.02,15761242.03
Sucursal Centro,Chardonnay,2022,12,4932,18821980.33,11917219.26
Sucursal Centro,Sauvignon Blanc,2022,12,3766,11297357.21,7026586.87
Sucursal Sur,Cabernet Sauvignon,2022,12,6538,30972338.25,20453139.76
Sucursal Sur,Merlot,2022,12,3700,11511891.08,8327294.8
Sucursal Sur,Pinot Noir,2022,12,4012,22491241.57,16570871.93
Sucursal Sur,Chardonnay,2022,12,5729,22008533.77,16870334.42
Sucursal Sur,Sauvignon Blanc,2022,12,3435,11222890.04,7775113.89
Sucursal Norte,Cabernet Sauvignon,2023,1,6118,31710410.74,22874804.9
Sucursal Norte,Merlot,2023,1,4012,14652416.73,10217621.82
Sucursal Norte,Pinot Noir,2023,1,4840,35984134.72,23549583.1
Sucursal Norte,Chardonnay,2023,1,5426,27079406.98,17338187.98
Sucursal Norte,Sauvignon Blanc,2023,1,3152,11110957.88,7898494.0
Sucursal Centro,Cabernet Sauvignon,2023,1,6010,30843222.96,21798432.83
Sucursal Centro,Merlot,2023,1,3938,13029618.25,9984511.24
Sucursal Centro,Pinot Noir,2023,1,5290,37013634.59,23437394.85
Sucursal Centro,Chardonnay,2023,1,6349,32942893.68,24243227.87
Sucursal Centro,Sauvignon Blanc,2023,1,3253,12195450.89,7660257.06
Sucursal Sur,Cabernet Sauvignon,2023,1,6346,31045041.1,23399899.67
Sucursal Sur,Merlot,2023,1,4146,12464795.24,9147739.71
Sucursal Sur,Pinot Noir,2023,1,5694,42902501.82,31107201.06
Sucursal Sur,Chardonnay,2023,1,6235,30617037.29,19911756.59
Sucursal Sur,Sauvignon Blanc,2023,1,3357,12552105.86,10014275.15
Sucursal Norte,Cabernet Sauvignon,2023,2,6927,34798636.86,21836567.23
Sucursal Norte,Merlot,2023,2,3883,12706177.49,9214092.03
Sucursal Norte,Pinot Noir,2023,2,4807,35214552.17,26465371.15
Sucursal Norte,Chardonnay,2023,2,6578,33684850.8,22808992.5
Sucursal Norte,Sauvignon Blanc,2023,2,3326,10911205.05,8545962.49
Sucursal Centro,Cabernet Sauvignon,2023,2,6535,31768605.94,22658478.58
Sucursal Centro,Merlot,2023,2,3735,12930061.41,8161969.56
Sucursal Centro,Pinot Noir,2023,2,5515,46547395.68,29165826.52
Sucursal Centro,Chardonnay,2023,2,5926,26162250.17,19407359.47
Sucursal Centro,Sauvignon Blanc,2023,2,3440,12763523.57,9488296.24
Sucursal Sur,Cabernet Sauvignon,2023,2,7091,37206680.34,24534981.58
Sucursal Sur,Merlot,2023,2,3898,12038305.78,9516423.44
Sucursal Sur,Pinot Noir,2023,2,5349,44309360.07,29655800.09
Sucursal Sur,Chardonnay,2023,2,5936,29627036.1,18129288.5
Sucursal Sur,Sauvignon Blanc,2023,2,3241,10676142.17,7583980.88
Sucursal Norte,Cabernet Sauvignon,2023,3,6091,32519182.09,22898003.39
Sucursal Norte,Merlot,2023,3,3882,13607932.1,10656696.64
Sucursal Norte,Pinot Noir,2023,3,5390,40312059.8,30846478.12
Sucursal Norte,Chardonnay,2023,3,5790,26642425.45,17719542.07
Sucursal Norte,Sauvignon Blanc,2023,3,3552,11819173.8,8872190.59
Sucursal Centro,Cabernet Sauvignon,2023,3,6210,30567043.81,20868239.54
Sucursal Centro,Merlot,2023,3,4296,14793167.84,9640102.79
Sucursal Centro,Pinot Noir,2023,3,5282,41469402.98,26169755.72
Sucursal Centro,Chardonnay,2023,3,5685,25750457.59,19966491.01
Sucursal Centro,Sauvignon Blanc,2023,3,3640,12956595.45,8070345.37
Sucursal Sur,Cabernet Sauvignon,2023,3,6613,35587338.74,27040231.34
Sucursal Sur,Merlot,2023,3,3692,13021764.92,9903880.14
Sucursal Sur,Pinot Noir,2023,3,5400,45263711.55,35105194.53
Sucursal Sur,Chardonnay,2023,3,6183,28247972.37,19059250.22
Sucursal Sur,Sauvignon Blanc,2023,3,3399,10988568.84,8286777.26
Sucursal Norte,Cabernet Sauvignon,2023,4,6523,36955188.27,25431054.35
Sucursal Norte,Merlot,2023,4,4168,12650152.01,8292577.26
Sucursal Norte,Pinot Noir,2023,4,4871,39440809.49,28280183.2
Sucursal Norte,Chardonnay,2023,4,6053,29123345.85,23242732.03
Sucursal Norte,Sauvignon Blanc,2023,4,3798,13474234.18,9656482.46
Sucursal Centro,Cabernet Sauvignon,2023,4,6957,34751312.81,24570544.12
Sucursal Centro,Merlot,2023,4,3626,13030449.2,9804794.19
Sucursal Centro,Pinot Noir,2023,4,5515,40072498.22,26743519.23
Sucursal Centro,Chardonnay,2023,4,6197,29075904.73,23064636.92
Sucursal Centro,Sauvignon Blanc,2023,4,3312,10734943.62,8283245.35
Sucursal Sur,Cabernet Sauvignon,2023,4,7079,37707929.5,29160668.48
Sucursal Sur,Merlot,2023,4,3764,13420468.93,9101263.06
Sucursal Sur,Pinot Noir,2023,4,4971,36304254.24,24651713.07
Sucursal Sur,Chardonnay,2023,4,5974,30500788.93,20488043.39
Sucursal Sur,Sauvignon Blanc,2023,4,3220,11960969.48,8603609.1
Sucursal Norte,Cabernet Sauvignon,2023,5,6069,30637588.0,20128436.19
Sucursal Norte,Merlot,2023,5,3916,14280129.22,9697873.42
Sucursal Norte,Pinot Noir,2023,5,4915,40196833.43,30471671.3
Sucursal Norte,Chardonnay,2023,5,5974,28262542.83,19515751.39
Sucursal Norte,Sauvignon Blanc,2023,5,3480,11143720.19,6904003.75
Sucursal Centro,Cabernet Sauvignon,2023,5,6653,33291720.25,23267594.33
Sucursal Centro,Merlot,2023,5,3714,11157791.34,7241368.43
Sucursal Centro,Pinot Noir,2023,5,4995,41490480.53,26898679.92
Sucursal Centro,Chardonnay,2023,5,6447,28319574.39,22391693.78
Sucursal Centro,Sauvignon Blanc,2023,5,3205,11221560.91,8412266.55
Sucursal Sur,Cabernet Sauvignon,2023,5,6251,34062607.47,26636770.46
Sucursal Sur,Merlot,2023,5,3957,12844928.34,7800124.17
Sucursal Sur,Pinot Noir,2023,5,4806,38095437.55,24611996.33
Sucursal Sur,Chardonnay,2023,5,6358,31502378.98,23279454.31
Sucursal Sur,Sauvignon Blanc,2023,5,3209,10911723.23,8075724.65
Sucursal Norte,Cabernet Sauvignon,2023,6,6021,31141244.04,24058080.55
Sucursal Norte,Merlot,2023,6,3786,12893694.81,8978346.88
Sucursal Norte,Pinot Noir,2023,6,5309,42486703.24,29465778.01
Sucursal Norte,Chardonnay,2023,6,6376,28771315.43,22151099.55
Sucursal Norte,Sauvignon Blanc,2023,6,3822,12626126.17,7914055.19
Sucursal Centro,Cabernet Sauvignon,2023,6,6321,33426554.01,20127141.23
Sucursal Centro,Merlot,2023,6,4150,12952427.02,8683852.25
Sucursal Centro,Pinot Noir,2023,6,5379,38754545.13,29823052.96
Sucursal Centro,Chardonnay,2023,6,5951,31331031.47,19712802.14
Sucursal Centro,Sauvignon Blanc,2023,6,3181,10326709.96,7152879.93
Sucursal Sur,Cabernet Sauvignon,2023,6,6631,33939589.15,24381511.53
Sucursal Sur,Merlot,2023,6,3852,12822428.34,9817794.79
Sucursal Sur,Pinot Noir,2023,6,5121,37275739.56,26620197.22
Sucursal Sur,Chardonnay,2023,6,6428,28220634.55,18592664.97
Sucursal Sur,Sauvignon Blanc,2023,6,3515,12187462.07,8904278.37
Sucursal Norte,Cabernet Sauvignon,2023,7,6086,30399221.04,22912200.3
Sucursal Norte,Merlot,2023,7,4118,12926869.48,8071629.55
Sucursal Norte,Pinot Noir,2023,7,5538,42906631.57,26165776.25
Sucursal Norte,Chardonnay,2023,7,5812,25656124.59,18298737.25
Sucursal Norte,Sauvignon Blanc,2023,7,3246,12259895.82,8378090.1
Sucursal Centro,Cabernet Sauvignon,2023,7,6824,35219684.59,21976474.32
Sucursal Centro,Merlot,2023,7,3750,12598162.98,9684259.34
Sucursal Centro,Pinot Noir,2023,7,5483,38640793.22,26912890.08
Sucursal Centro,Chardonnay,2023,7,6062,29135722.24,19177069.77
Sucursal Centro,Sauvignon Blanc,2023,7,3251,10497960.24,7579957.15
Sucursal Sur,Cabernet Sauvignon,2023,7,7180,33569588.89,22078971.98
Sucursal Sur,Merlot,2023,7,3976,14023497.87,9085551.08
Sucursal Sur,Pinot Noir,2023,7,5423,44269774.76,27394044.89
Sucursal Sur,Chardonnay,2023,7,5508,26207126.16,19354602.39
Sucursal Sur,Sauvignon Blanc,2023,7,3469,12769034.97,8233244.87
Sucursal Norte,Cabernet Sauvignon,2023,8,7123,33661557.33,21899096.0
Sucursal Norte,Merlot,2023,8,4214,13619721.09,9715525.3
Sucursal Norte,Pinot Noir,2023,8,5241,37299182.08,28954576.3
Sucursal Norte,Chardonnay,2023,8,5934,29880022.45,22507943.93
Sucursal Norte,Sauvignon Blanc,2023,8,3562,12228325.02,8445056.99
Sucursal Centro,Cabernet Sauvignon,2023,8,6995,39810789.33,26828544.08
Sucursal Centro,Merlot,2023,8,3989,13555128.31,10586862.57
Sucursal Centro,Pinot Noir,2023,8,5348,37207038.97,25639983.5
Sucursal Centro,Chardonnay,2023,8,6239,27609422.48,17432044.13
Sucursal Centro,Sauvignon Blanc,2023,8,3252,12144260.73,8269503.65
Sucursal Sur,Cabernet Sauvignon,2023,8,6785,37438480.55,27955091.64
Sucursal Sur,Merlot,2023,8,3658,12658570.35,9474776.37
Sucursal Sur,Pinot Noir,2023,8,4683,37949316.14,24764080.72
Sucursal Sur,Chardonnay,2023,8,6101,26996112.82,19535091.44
Sucursal Sur,Sauvignon Blanc,2023,8,3818,13842274.5,9436069.82
Sucursal Norte,Cabernet Sauvignon,2023,9,6579,34931563.71,23128214.65
Sucursal Norte,Merlot,2023,9,3723,12758624.54,9247397.34
Sucursal Norte,Pinot Noir,2023,9,5183,37991951.91,27749010.31
Sucursal Norte,Chardonnay,2023,9,5521,25840769.93,16091427.21
Sucursal Norte,Sauvignon Blanc,2023,9,3523,11215712.1,8533704.35
Sucursal Centro,Cabernet Sauvignon,2023,9,6407,33389058.2,22846133.37
Sucursal Centro,Merlot,2023,9,3600,11298250.92,7785869.77
Sucursal Centro,Pinot Noir,2023,9,5265,42312681.88,26633175.36
Sucursal Centro,Chardonnay,2023,9,5852,29791008.5,23028621.61
Sucursal Centro,Sauvignon Blanc,2023,9,3518,13182274.49,10137421.84
Sucursal Sur,Cabernet Sauvignon,2023,9,6783,32423376.49,25638214.36
Sucursal Sur,Merlot,2023,9,4236,14278500.55,10641699.25
Sucursal Sur,Pinot Noir,2023,9,5669,44021174.78,26910626.07
Sucursal Sur,Chardonnay,2023,9,5813,26784653.78,17764610.19
Sucursal Sur,Sauvignon Blanc,2023,9,3426,12460973.59,8877170.98
Sucursal Norte,Cabernet Sauvignon,2023,10,6290,30213508.53,22556511.81
Sucursal Norte,Merlot,2023,10,3862,13039148.12,8477105.22
Sucursal Norte,Pinot Noir,2023,10,5206,41214678.77,30771764.52
Sucursal Norte,Chardonnay,2023,10,5829,26229691.79,17017349.17
Sucursal Norte,Sauvignon Blanc,2023,10,3521,12041370.53,7770065.81
Sucursal Centro,Cabernet Sauvignon,2023,10,7039,38690656.1,27191964.0
Sucursal Centro,Merlot,2023,10,3999,12065011.81,7882317.64
Sucursal Centro,Pinot Noir,2023,10,5093,42033847.86,28458381.29
Sucursal Centro,Chardonnay,2023,10,5578,28103002.32,18148919.04
Sucursal Centro,Sauvignon Blanc,2023,10,3194,11496185.52,8876771.56
Sucursal Sur,Cabernet Sauvignon,2023,10,6561,35062574.68,26511407.11
Sucursal Sur,Merlot,2023,10,4281,13662360.57,9463811.39
Sucursal Sur,Pinot Noir,2023,10,4750,35045529.23,24421035.14
Sucursal Sur,Chardonnay,2023,10,6218,30074143.3,18250896.63
Sucursal Sur,Sauvignon Blanc,2023,10,3228,11528012.11,8207733.84
Sucursal Norte,Cabernet Sauvignon,2023,11,6659,33389558.86,25987988.76
Sucursal Norte,Merlot,2023,11,3616,12587603.21,9815757.42
Sucursal Norte,Pinot Noir,2023,11,5345,41944651.73,29628824.13
Sucursal Norte,Chardonnay,2023,11,5707,25154911.93,18375551.88
Sucursal Norte,Sauvignon Blanc,2023,11,3734,12746904.48,8246868.39
Sucursal Centro,Cabernet Sauvignon,2023,11,6410,30115742.77,22464491.99
Sucursal Centro,Merlot,2023,11,4280,14283042.91,11359130.48
Sucursal Centro,Pinot Noir,2023,11,5677,43792884.34,32524900.57
Sucursal Centro,Chardonnay,2023,11,6447,32572790.99,24042782.05
Sucursal Centro,Sauvignon Blanc,2023,11,3445,10919284.77,8378055.86
Sucursal Sur,Cabernet Sauvignon,2023,11,6699,33230576.69,25437146.07
Sucursal Sur,Merlot,2023,11,4065,13364825.09,10646843.91
Sucursal Sur,Pinot Noir,2023,11,4819,40487848.46,32294080.89
Sucursal Sur,Chardonnay,2023,11,5826,26409433.99,19007098.73
Sucursal Sur,Sauvignon Blanc,2023,11,3435,12637106.14,8481414.08
Sucursal Norte,Cabernet Sauvignon,2023,12,7064,33279808.87,22056285.15
Sucursal Norte,Merlot,2023,12,3625,11018828.19,7417709.76
Sucursal Norte,Pinot Noir,2023,12,4717,39412872.24,31350917.85
Sucursal Norte,Chardonnay,2023,12,5674,29913373.0,18075572.92
Sucursal Norte,Sauvignon Blanc,2023,12,3678,12408837.13,7865708.91
Sucursal Centro,Cabernet Sauvignon,2023,12,6892,33232864.27,21712845.96
Sucursal Centro,Merlot,2023,12,3934,13128281.29,10343063.82
Sucursal Centro,Pinot Noir,2023,12,5349,41636095.37,26848640.96
Sucursal Centro,Chardonnay,2023,12,5946,29177065.81,21031651.63
Sucursal Centro,Sauvignon Blanc,2023,12,3185,10175859.85,6946892.2
Sucursal Sur,Cabernet Sauvignon,2023,12,6106,28635973.87,20437463.78
Sucursal Sur,Merlot,2023,12,3770,12342672.63,8161026.13
Sucursal Sur,Pinot Noir,2023,12,4775,39068828.19,30807142.05
Sucursal Sur,Chardonnay,2023,12,6522,31458213.85,20812007.93
Sucursal Sur,Sauvignon Blanc,2023,12,3592,13540388.99,9124802.45
Sucursal Norte,Cabernet Sauvignon,2024,1,6943,43603142.58,29160750.18
Sucursal Norte,Merlot,2024,1,4268,15912769.04,10700572.19
Sucursal Norte,Pinot Noir,2024,1,6254,58352176.11,35922995.05
Sucursal Norte,Chardonnay,2024,1,6758,40532279.51,32415629.37
Sucursal Norte,Sauvignon Blanc,2024,1,3713,14316696.3,9194938.98
Sucursal Centro,Cabernet Sauvignon,2024,1,7152,42891046.63,32348718.17
Sucursal Centro,Merlot,2024,1,4036,15432743.1,12251964.48
Sucursal Centro,Pinot Noir,2024,1,6127,57817710.04,45097832.35
Sucursal Centro,Chardonnay,2024,1,6489,39577473.68,26038073.23
Sucursal Centro,Sauvignon Blanc,2024,1,3506,12615428.26,9889873.93
Sucursal Sur,Cabernet Sauvignon,2024,1,8030,50804906.51,34829764.08
Sucursal Sur,Merlot,2024,1,3811,12623053.95,8387214.96
Sucursal Sur,Pinot Noir,2024,1,6489,58536165.59,45549670.89
Sucursal Sur,Chardonnay,2024,1,7172,39771148.13,31582435.67
Sucursal Sur,Sauvignon Blanc,2024,1,3177,10945054.89,8629025.16
Sucursal Norte,Cabernet Sauvignon,2024,2,7476,44868379.48,33794305.43
Sucursal Norte,Merlot,2024,2,4249,15423611.67,11024291.91
Sucursal Norte,Pinot Noir,2024,2,6477,69703326.43,50499055.52
Sucursal Norte,Chardonnay,2024,2,6116,38814878.0,29132184.19
Sucursal Norte,Sauvignon Blanc,2024,2,3721,14165252.17,11052341.92
Sucursal Centro,Cabernet Sauvignon,2024,2,6696,42018838.32,28431921.43
Sucursal Centro,Merlot,2024,2,4356,14940078.18,10611323.82
Sucursal Centro,Pinot Noir,2024,2,6075,57245580.51,35798823.34
Sucursal Centro,Chardonnay,2024,2,6815,42548877.55,28138687.61
Sucursal Centro,Sauvignon Blanc,2024,2,3705,14398015.04,10939969.34
Sucursal Sur,Cabernet Sauvignon,2024,2,7513,49640312.14,30715567.78
Sucursal Sur,Merlot,2024,2,3661,14657403.63,9733132.04
Sucursal Sur,Pinot Noir,2024,2,6443,66755383.91,47791593.93
Sucursal Sur,Chardonnay,2024,2,6361,38688272.29,23664878.64
Sucursal Sur,Sauvignon Blanc,2024,2,3607,12486962.21,8240680.14
Sucursal Norte,Cabernet Sauvignon,2024,3,6983,44337181.23,34322295.72
Sucursal Norte,Merlot,2024,3,4052,14210313.97,9008054.01
Sucursal Norte,Pinot Noir,2024,3,5811,55001531.07,36872589.39
Sucursal Norte,Chardonnay,2024,3,6126,34892589.31,26830838.49
Sucursal Norte,Sauvignon Blanc,2024,3,3444,13387625.58,8424759.25
Sucursal Centro,Cabernet Sauvignon,2024,3,7067,47358130.59,36600034.23
Sucursal Centro,Merlot,2024,3,4131,16437118.32,10845871.68
Sucursal Centro,Pinot Noir,2024,3,6165,56558288.71,39651279.79
Sucursal Centro,Chardonnay,2024,3,6123,35071794.71,24601798.83
Sucursal Centro,Sauvignon Blanc,2024,3,3264,11431625.66,8055509.36
Sucursal Sur,Cabernet Sauvignon,2024,3,6642,38999242.36,27720522.85
Sucursal Sur,Merlot,2024,3,3732,13244090.67,9168538.19
Sucursal Sur,Pinot Noir,2024,3,6107,57463554.28,43907439.73
Sucursal Sur,Chardonnay,2024,3,6948,42414930.84,32306042.32
Sucursal Sur,Sauvignon Blanc,2024,3,3277,13222209.36,8336476.03
Sucursal Norte,Cabernet Sauvignon,2024,4,6777,45702461.75,31954872.44
Sucursal Norte,Merlot,2024,4,4092,14305691.38,10587719.9
Sucursal Norte,Pinot Noir,2024,4,5627,60613760.21,44529344.36
Sucursal Norte,Chardonnay,2024,4,6083,38076335.97,23043013.82
Sucursal Norte,Sauvignon Blanc,2024,4,3181,13269474.74,9155216.6
Sucursal Centro,Cabernet Sauvignon,2024,4,6639,42134875.91,31360336.71
Sucursal Centro,Merlot,2024,4,4225,16874127.96,11504571.71
Sucursal Centro,Pinot Noir,2024,4,5730,62700675.14,47598689.23
Sucursal Centro,Chardonnay,2024,4,6068,33629422.91,25321889.39
Sucursal Centro,Sauvignon Blanc,2024,4,3532,14199986.73,9525009.64
Sucursal Sur,Cabernet Sauvignon,2024,4,6930,43786426.22,33650886.24
Sucursal Sur,Merlot,2024,4,4136,13656622.38,8538175.16
Sucursal Sur,Pinot Noir,2024,4,6749,64991348.98,40125179.2
Sucursal Sur,Chardonnay,2024,4,6497,35812803.4,21855963.77
Sucursal Sur,Sauvignon Blanc,2024,4,3522,13284980.29,9075879.41
Sucursal Norte,Cabernet Sauvignon,2024,5,7786,49417327.82,37860571.72
Sucursal Norte,Merlot,2024,5,3855,13374494.82,9819880.68
Sucursal Norte,Pinot Noir,2024,5,6692,67459966.55,44803273.39
Sucursal Norte,Chardonnay,2024,5,6685,40467226.08,27068424.0
Sucursal Norte,Sauvignon Blanc,2024,5,3631,15196524.49,11978949.57
Sucursal Centro,Cabernet Sauvignon,2024,5,7423,42775507.65,27981203.3
Sucursal Centro,Merlot,2024,5,3601,12913979.6,9694371.66
Sucursal Centro,Pinot Noir,2024,5,6202,59792981.4,37679695.39
Sucursal Centro,Chardonnay,2024,5,6860,43594969.73,29759082.59
Sucursal Centro,Sauvignon Blanc,2024,5,3821,15968685.54,12332352.38
Sucursal Sur,Cabernet Sauvignon,2024,5,7202,41997791.74,27329015.33
Sucursal Sur,Merlot,2024,5,4290,14552478.8,10972088.3
Sucursal Sur,Pinot Noir,2024,5,6824,69599752.99,46511841.1
Sucursal Sur,Chardonnay,2024,5,6178,35933913.44,28316317.53
Sucursal Sur,Sauvignon Blanc,2024,5,3781,14344873.67,9024848.22
Sucursal Norte,Cabernet Sauvignon,2024,6,7059,40156218.69,25863212.03
Sucursal Norte,Merlot,2024,6,4168,13743952.04,9424841.18
Sucursal Norte,Pinot Noir,2024,6,6322,59078232.34,41998654.7
Sucursal Norte,Chardonnay,2024,6,6223,38006904.72,24779324.96
Sucursal Norte,Sauvignon Blanc,2024,6,3506,13754955.33,8984380.76
Sucursal Centro,Cabernet Sauvignon,2024,6,7975,47346125.68,34116493.59
Sucursal Centro,Merlot,2024,6,4193,13818369.09,10256018.6
Sucursal Centro,Pinot Noir,2024,6,6277,62758443.94,38847733.38
Sucursal Centro,Chardonnay,2024,6,7066,40394823.42,25980904.87
Sucursal Centro,Sauvignon Blanc,2024,6,3169,11319935.52,8039922.29
Sucursal Sur,Cabernet Sauvignon,2024,6,7254,48552255.53,33712212.93
Sucursal Sur,Merlot,2024,6,4254,15854859.65,11833090.98
Sucursal Sur,Pinot Noir,2024,6,5775,54880619.68,38227431.79
Sucursal Sur,Chardonnay,2024,6,6882,41651150.49,31029535.5
Sucursal Sur,Sauvignon Blanc,2024,6,3446,13418830.55,10725655.48
Sucursal Norte,Cabernet Sauvignon,2024,7,7548,49680953.66,39192169.11
Sucursal Norte,Merlot,2024,7,4066,14646877.35,8904380.37
Sucursal Norte,Pinot Noir,2024,7,5837,55741085.45,43208920.42
Sucursal Norte,Chardonnay,2024,7,6373,37443344.2,25452838.95
Sucursal Norte,Sauvignon Blanc,2024,7,3562,13388461.99,10242641.41
Sucursal Centro,Cabernet Sauvignon,2024,7,7293,47296990.03,30089702.69
Sucursal Centro,Merlot,2024,7,3983,15126936.28,10830488.85
Sucursal Centro,Pinot Noir,2024,7,6422,69661391.71,54937928.74
Sucursal Centro,Chardonnay,2024,7,5959,32588555.85,20998665.37
Sucursal Centro,Sauvignon Blanc,2024,7,3170,12991243.26,8725842.77
Sucursal Sur,Cabernet Sauvignon,2024,7,7443,46853264.11,31393126.88
Sucursal Sur,Merlot,2024,7,4184,16395631.23,12384451.88
Sucursal Sur,Pinot Noir,2024,7,6546,60803626.29,43676426.36
Sucursal Sur,Chardonnay,2024,7,6891,36106466.23,23166237.89
Sucursal Sur,Sauvignon Blanc,2024,7,3827,14264494.75,8971216.51
Sucursal Norte,Cabernet Sauvignon,2024,8,7065,44873981.62,29480966.98
Sucursal Norte,Merlot,2024,8,3923,13678234.73,9246220.94
Sucursal Norte,Pinot Noir,2024,8,6594,64987142.02,41195785.32
Sucursal Norte,Chardonnay,2024,8,6183,37283844.67,29461176.88
Sucursal Norte,Sauvignon Blanc,2024,8,3409,13445973.26,8445662.87
Sucursal Centro,Cabernet Sauvignon,2024,8,7132,41412867.91,28293672.64
Sucursal Centro,Merlot,2024,8,4085,14155044.47,10544341.37
Sucursal Centro,Pinot Noir,2024,8,5878,54038383.1,38721568.88
Sucursal Centro,Chardonnay,2024,8,7057,41922864.83,29227738.32
Sucursal Centro,Sauvignon Blanc,2024,8,3245,11564816.11,8658549.78
Sucursal Sur,Cabernet Sauvignon,2024,8,7223,40648865.64,24443063.67
Sucursal Sur,Merlot,2024,8,4073,16216287.04,10716024.25
Sucursal Sur,Pinot Noir,2024,8,6769,67306269.92,46114614.79
Sucursal Sur,Chardonnay,2024,8,6272,32962657.47,22536231.32
Sucursal Sur,Sauvignon Blanc,2024,8,3694,12832258.46,8161334.67
Sucursal Norte,Cabernet Sauvignon,2024,9,7117,40286353.73,26655027.98
Sucursal Norte,Merlot,2024,9,3957,15024830.63,11484975.71
Sucursal Norte,Pinot Noir,2024,9,5758,52878391.62,38739276.99
Sucursal Norte,Chardonnay,2024,9,6336,40182522.54,30589618.53
Sucursal Norte,Sauvignon Blanc,2024,9,3617,14520411.63,9548949.78
Sucursal Centro,Cabernet Sauvignon,2024,9,7532,43462836.02,31343099.96
Sucursal Centro,Merlot,2024,9,4104,15208130.11,9644065.01
Sucursal Centro,Pinot Noir,2024,9,6223,59917737.14,38054413.63
Sucursal Centro,Chardonnay,2024,9,5951,33103047.49,24158891.94
Sucursal Centro,Sauvignon Blanc,2024,9,3804,14789071.8,10873194.32
Sucursal Sur,Cabernet Sauvignon,2024,9,6818,40722528.22,30653660.6
Sucursal Sur,Merlot,2024,9,3967,14177510.14,8529288.34
Sucursal Sur,Pinot Noir,2024,9,5689,56450297.24,40231063.8
Sucursal Sur,Chardonnay,2024,9,7188,45097159.25,33988315.94
Sucursal Sur,Sauvignon Blanc,2024,9,3269,12275591.52,7604965.9
Sucursal Norte,Cabernet Sauvignon,2024,10,7449,45463134.05,33885164.66
Sucursal Norte,Merlot,2024,10,4092,14706489.16,11392223.53
Sucursal Norte,Pinot Noir,2024,10,6280,61732085.54,47216331.48
Sucursal Norte,Chardonnay,2024,10,6225,38421375.63,29447898.26
Sucursal Norte,Sauvignon Blanc,2024,10,3540,13239128.76,9204516.42
Sucursal Centro,Cabernet Sauvignon,2024,10,7970,45200833.14,34792032.39
Sucursal Centro,Merlot,2024,10,4248,14770354.4,10152267.92
Sucursal Centro,Pinot Noir,2024,10,6613,64255079.63,40525543.39
Sucursal Centro,Chardonnay,2024,10,6894,41902171.72,31935830.6
Sucursal Centro,Sauvignon Blanc,2024,10,3469,13773330.18,10340811.44
Sucursal Sur,Cabernet Sauvignon,2024,10,6936,44004116.96,29518231.89
Sucursal Sur,Merlot,2024,10,3798,14756417.69,9105333.71
Sucursal Sur,Pinot Noir,2024,10,6173,56751968.89,38241955.39
Sucursal Sur,Chardonnay,2024,10,6134,32996085.88,23589519.33
Sucursal Sur,Sauvignon Blanc,2024,10,3700,14849650.46,11765293.75
Sucursal Norte,Cabernet Sauvignon,2024,11,7859,47340599.25,34233653.57
Sucursal Norte,Merlot,2024,11,4217,15429463.59,11533290.86
Sucursal Norte,Pinot Noir,2024,11,5720,58695498.63,39138180.83
Sucursal Norte,Chardonnay,2024,11,7172,45368284.95,32551811.18
Sucursal Norte,Sauvignon Blanc,2024,11,3360,14024832.49,8875465.01
Sucursal Centro,Cabernet Sauvignon,2024,11,7438,46187129.02,35357569.77
Sucursal Centro,Merlot,2024,11,4270,14420081.75,11212976.35
Sucursal Centro,Pinot Noir,2024,11,6524,71043685.52,56058615.21
Sucursal Centro,Chardonnay,2024,11,6280,34892036.1,27369498.78
Sucursal Centro,Sauvignon Blanc,2024,11,3735,15474258.38,9441467.94
Sucursal Sur,Cabernet Sauvignon,2024,11,6657,37594083.09,28310102.34
Sucursal Sur,Merlot,2024,11,4385,16692807.47,10843340.58
Sucursal Sur,Pinot Noir,2024,11,5792,56937368.65,43888742.15
Sucursal Sur,Chardonnay,2024,11,6922,38839361.08,23851788.51
Sucursal Sur,Sauvignon Blanc,2024,11,3469,12393060.67,9222658.83
Sucursal Norte,Cabernet Sauvignon,2024,12,7164,46345328.51,33001336.78
Sucursal Norte,Merlot,2024,12,4292,14566786.99,11118120.44
Sucursal Norte,Pinot Noir,2024,12,6533,71440333.1,42911205.02
Sucursal Norte,Chardonnay,2024,12,6108,36851965.98,29093412.67
Sucursal Norte,Sauvignon Blanc,2024,12,3338,11929734.85,8339597.18
Sucursal Centro,Cabernet Sauvignon,2024,12,6766,43096753.96,27970337.66
Sucursal Centro,Merlot,2024,12,4386,16775249.24,10627954.16
Sucursal Centro,Pinot Noir,2024,12,6407,58418936.64,43250090.22
Sucursal Centro,Chardonnay,2024,12,6792,42640289.32,29728415.19
Sucursal Centro,Sauvignon Blanc,2024,12,3432,13810668.47,10918887.6
Sucursal Sur,Cabernet Sauvignon,2024,12,7887,49595723.48,36635117.12
Sucursal Sur,Merlot,2024,12,3779,13054241.39,9066581.61
Sucursal Sur,Pinot Noir,2024,12,6300,67370291.23,51010397.55
Sucursal Sur,Chardonnay,2024,12,6039,35183954.15,27035088.86
Sucursal Sur,Sauvignon Blanc,2024,12,3585,12543602.25,8967589.87
